segment_id,ndvi,vegetation_level,risk_category
1,0.42671269251194904,Medium,Low
2,0.3896810992999741,Medium,Low
3,0.5225455708346659,Medium,Medium
4,0.6031036915118739,High,High
5,0.406494960806271,Medium,Low
6,0.41838649155722324,Medium,Low
7,0.35958549222797925,Medium,Low
8,0.4788211103495546,Medium,Medium
9,0.21467503665000187,Low,Low
10,0.4883142715067131,Medium,Low
11,0.15346121768140117,Low,Low
12,0.44305555555555554,Medium,Low
13,0.5530700753252682,Medium,Medium
14,0.506416584402764,Medium,Low
15,0.4026818366517676,Medium,Low
16,0.3246906305244549,Medium,Low
17,0.33601096075524106,Medium,Low
18,0.6126220554973244,High,Medium
19,0.40769605455431074,Medium,Low
20,0.5639967283586633,Medium,Medium
21,0.38007736943907156,Medium,Low
22,0.5645791405232627,Medium,Low
23,0.5254587155963303,Medium,High
24,0.0664208585725573,Low,Low
25,0.4180677338910789,Medium,Medium
26,0.39610247427195094,Medium,Low
27,0.3308550185873606,Medium,Low
28,0.5860436137071651,Medium,Low
29,0.5081405312767782,Medium,Medium
30,0.3944250871080139,Medium,Low
31,0.5670400354885217,Medium,Low
32,0.494949494949495,Medium,Medium
33,0.28942637685896394,Low,Low
34,0.4060500921609021,Medium,Low
35,0.42183742183742184,Medium,Low
36,0.35951915012580377,Medium,Low
37,0.35579330753471433,Medium,Low
38,0.4813599062133646,Medium,Medium
39,0.5575888051668461,Medium,High
40,0.5376984126984127,Medium,Medium
41,0.3372889091738932,Medium,Low
42,0.3369140625,Medium,Low
43,0.4958196634564504,Medium,Medium
44,0.4053238820601764,Medium,Medium
45,0.6851063829787234,High,Medium
46,0.401358577829166,Medium,Low
47,0.48793436293436293,Medium,Medium
48,0.5962626661402816,Medium,Medium
49,0.367189049791708,Medium,Low
50,0.5697873380591543,Medium,Medium
51,0.47646461225871994,Medium,Low
52,0.47053649956024624,Medium,Medium
53,0.4956521739130435,Medium,Medium
54,0.44219445641246585,Medium,Low
55,0.417564778720477,Medium,Medium
56,0.5113915177006659,Medium,Medium
57,0.5662590466683304,Medium,Low
58,0.40486409155937053,Medium,Low
59,0.3791727291623363,Medium,Low
60,0.4531744101191924,Medium,Medium
61,0.3639680504881176,Medium,Low
62,0.42240837696335076,Medium,Low
63,0.4548798712495689,Medium,Low
64,0.5765501691093574,Medium,Low
65,0.3132752705199261,Medium,Low
66,0.37479541734860883,Medium,Low
67,0.3232863917229487,Medium,Medium
68,0.48911997801090284,Medium,Medium
69,0.47544022242817424,Medium,Low
70,0.5890563930764936,Medium,Medium
71,0.3905768383971819,Medium,Low
72,0.40075809786354244,Medium,Low
73,0.36410797502857645,Medium,Low
74,0.4509505703422053,Medium,Low
75,0.4455121205503385,Medium,Medium
76,0.3121167883211679,Medium,Low
77,0.4894433781190019,Medium,Low
78,0.3595013477088949,Medium,Low
79,0.22214532871972317,Low,Low
80,0.3835361730899256,Medium,Low
81,0.4338689740420272,Medium,Low
82,0.47838086476540936,Medium,Medium
83,0.3313782991202346,Medium,Low
84,0.38288761022449,Medium,Low
85,0.4993412384716733,Medium,Medium
86,0.2670404249041015,Low,Low
87,0.46184538653366586,Medium,Low
88,0.41458289556629546,Medium,Low
89,0.42222297263072583,Medium,Medium
90,0.4091401342863331,Medium,Low
91,0.33368130639027654,Medium,Low
92,0.443328060199239,Medium,Low
93,0.5288715953307392,Medium,Low
94,0.332754255299488,Medium,Medium
95,0.44093259995074296,Medium,Low
96,0.4263712830233385,Medium,Low
97,0.47636479388826986,Medium,Low
98,0.3912379285737338,Medium,Low
99,0.44016337644656234,Medium,Low
100,0.46947175851817974,Medium,Low
101,0.48795115036528186,Medium,Medium
102,0.49452132701421797,Medium,Low
103,0.4894009216589862,Medium,Medium
104,0.37921787709497207,Medium,Low
105,0.48956303924297245,Medium,Medium
106,0.3925113729149656,Medium,Low
107,0.19983619983619982,Low,Low
108,0.5256353660843791,Medium,Medium
109,0.6472339369883403,High,Medium
110,0.22193464898091228,Low,Medium
111,0.6575875486381322,High,Medium
112,0.4385782175639607,Medium,Low
113,0.4887181949111858,Medium,Medium
114,0.37986455981941303,Medium,Medium
115,0.4695707879564382,Medium,Low
116,0.6331578947368421,High,Medium
117,0.4238121855785355,Medium,Low
118,0.3965375103050289,Medium,Medium
119,0.41695455753388255,Medium,Low
120,0.4798249878463782,Medium,Low
121,0.5038790531131888,Medium,Medium
122,0.45945736584232233,Medium,Low
123,0.4483932751649287,Medium,Medium
124,0.6195985832349469,High,Medium
125,0.7212556732223903,High,Medium
126,0.39594578385510376,Medium,Low
127,0.18687406776049437,Low,Low
128,0.4523238053676631,Medium,Low
129,0.42334494773519166,Medium,Medium
130,0.3873978996499417,Medium,Low
131,0.46834804539722574,Medium,Low
132,0.4569111823496135,Medium,Medium
133,0.5033299469466079,Medium,Low
134,0.4999354921945555,Medium,Low
135,0.4297752808988764,Medium,Low
136,0.4551113239166866,Medium,Low
137,0.5367901234567901,Medium,High
138,0.4422125946348081,Medium,Medium
139,0.38140476561283293,Medium,Medium
140,0.5042907622412923,Medium,Low
141,0.6163778062114691,High,Medium
142,0.4225092250922509,Medium,Medium
143,0.47877013177159594,Medium,Medium
144,0.3354338978600499,Medium,Low
145,0.5880533079485959,Medium,High
146,0.4510288065843621,Medium,Low
147,0.5899596788840858,Medium,Medium
148,0.5214899713467048,Medium,Low
149,0.45295202952029523,Medium,Low
150,0.4402830116127047,Medium,Medium
151,0.45788594607492245,Medium,Medium
152,0.5103578154425612,Medium,Medium
153,0.31823036708078023,Medium,Low
154,0.46930070715007294,Medium,Medium
155,0.3376467220154595,Medium,Medium
156,0.558966309118921,Medium,Low
157,0.43830570902394106,Medium,Medium
158,0.4631630648330059,Medium,Low
159,0.4519748653500898,Medium,Medium
160,0.5219856368905128,Medium,Medium
161,0.3836562012914718,Medium,Low
162,0.30018959342742785,Medium,Low
163,0.3987715841928381,Medium,Low
164,0.4950681070925317,Medium,Medium
165,0.5161091223305765,Medium,Low
166,0.2581453634085213,Low,Low
167,0.5852156057494866,Medium,Medium
168,0.3302174354805934,Medium,Low
169,0.4409121395036888,Medium,Low
170,0.49118320096917484,Medium,Low
171,0.32592662551193,Medium,Medium
172,0.6686336813436223,High,High
173,0.5881833616298812,Medium,Medium
174,0.402800390752198,Medium,Low
175,0.510267229254571,Medium,Low
176,0.4690185436454093,Medium,Medium
177,0.3442176870748299,Medium,Medium
178,0.40201309725927725,Medium,Low
179,0.41326810341191855,Medium,Low
180,0.23621609872726837,Low,Medium
181,0.2606060606060606,Low,Low
182,0.29371437087819957,Low,Low
183,0.4625652930934417,Medium,Low
184,0.4274451835427445,Medium,Low
185,0.4176854599406528,Medium,Medium
186,0.4306292645943897,Medium,Low
187,0.520568351094305,Medium,Medium
188,0.525074070009876,Medium,Low
189,0.3414309022853059,Medium,Low
190,0.5662270036981728,Medium,Medium
191,0.474239074987247,Medium,Low
192,0.5078703703703704,Medium,Medium
193,0.22226135963367386,Low,Low
194,0.3883232910866404,Medium,Low
195,0.49940828402366866,Medium,Low
196,0.32042686555321936,Medium,Medium
197,0.30991351583160603,Medium,Low
198,0.49081290060026445,Medium,Low
199,0.4169127840395395,Medium,Low
200,0.2674289615154876,Low,Medium
201,0.44480946123521675,Medium,Low
202,0.35894765689229924,Medium,Low
203,0.4567000911577028,Medium,Low
204,0.46158984635938544,Medium,Low
205,0.35735232509426057,Medium,Medium
206,0.38306745907621725,Medium,Medium
207,0.4941050375133976,Medium,Medium
208,0.3656487683051425,Medium,Low
209,0.36640917416580393,Medium,Medium
210,-0.19663596315578694,Low,Low
211,0.5014773667415199,Medium,Medium
212,0.3883243674038653,Medium,Low
213,0.39253216190775025,Medium,Low
214,0.4864450127877238,Medium,Medium
215,0.4383565563217075,Medium,Low
216,0.3494924057606045,Medium,Low
217,0.5285630153121319,Medium,Medium
218,0.46222014925373134,Medium,Medium
219,0.35890151515151514,Medium,Medium
220,0.40066993043030147,Medium,Medium
221,0.3476471242629881,Medium,Low
222,0.4776228906823184,Medium,Low
223,0.5915865719459534,Medium,Medium
224,0.5357842572317622,Medium,Low
225,0.33806217929369153,Medium,Low
226,0.3460559796437659,Medium,Medium
227,0.518254844481669,Medium,Low
228,0.564945226917058,Medium,Medium
229,0.3139868398852708,Medium,Low
230,0.39855072463768115,Medium,Low
231,0.5213704206241518,Medium,Medium
232,0.3598092541539379,Medium,Low
233,0.5163434151634342,Medium,Medium
234,0.501996121820463,Medium,Low
235,0.4105288872602907,Medium,Low
236,-0.23273415326395458,Low,Low
237,0.5179666958808063,Medium,Medium
238,0.44662851455585967,Medium,Low
239,0.41840564479807835,Medium,Low
240,0.4715943069010884,Medium,Medium
241,0.44188280499519694,Medium,Low
242,0.5639611650485437,Medium,Medium
243,0.479467758444217,Medium,Medium
244,0.37471917914532427,Medium,Low
245,0.31816828946808956,Medium,Low
246,0.46321192862380833,Medium,Low
247,0.41066098081023455,Medium,Low
248,0.3549982056700825,Medium,Low
249,0.39822134387351776,Medium,Low
250,0.42305738953783645,Medium,Medium
251,0.35810662971336876,Medium,Low
252,0.24215916364412204,Low,Low
253,0.5570210346787948,Medium,Medium
254,0.37488762361402456,Medium,Medium
255,0.41323594510845507,Medium,Low
256,0.587708066581306,Medium,Medium
257,0.3952267303102625,Medium,Low
258,0.3831660864222814,Medium,Medium
259,0.4404466501240694,Medium,Low
260,0.2903681290973273,Low,Low
261,0.44421906693711966,Medium,Low
262,0.44752428334517885,Medium,Low
263,0.4865338645418326,Medium,Medium
264,0.31731935370290676,Medium,Low
265,0.39738915676819947,Medium,Medium
266,0.4246362323669888,Medium,Low
267,0.4297635605006954,Medium,Low
268,0.48182521268368134,Medium,Medium
269,0.517493251468798,Medium,Medium
270,0.4082469254883048,Medium,Medium
271,0.37218487333305617,Medium,Low
272,0.38807815978233984,Medium,Low
273,0.3432321928125672,Medium,Low
274,0.36358180290481334,Medium,Low
275,0.43551565579154805,Medium,Medium
276,0.4026310772163965,Medium,Low
277,0.22701856407962426,Low,Low
278,0.45975365224863934,Medium,Low
279,0.39584728734092434,Medium,Low
280,0.44454628780934924,Medium,Low
281,0.49907137171663574,Medium,Low
282,0.3242219660793677,Medium,Low
283,0.40430820215410107,Medium,Low
284,0.5437021388962239,Medium,Medium
285,0.6640589047399907,High,High
286,0.36507936507936506,Medium,Low
287,0.2924522392734106,Low,Low
288,0.43389673535540635,Medium,Medium
289,0.440279394644936,Medium,Low
290,0.2950004466545574,Low,Low
291,0.32618762682761854,Medium,Low
292,0.47702876771146413,Medium,Low
293,0.4467005076142132,Medium,Low
294,0.5071303126097647,Medium,Medium
295,0.5825220738057505,Medium,Medium
296,0.483554933519944,Medium,High
297,0.4247318456417211,Medium,Medium
298,0.48890347997373607,Medium,Low
299,0.46814781228746316,Medium,Medium
300,0.38342220067862337,Medium,Low
301,0.1818634778276034,Low,Low
302,0.4143341059012301,Medium,Low
303,0.5072729655353164,Medium,Low
304,0.31942125765164164,Medium,Low
305,0.400990099009901,Medium,Medium
306,0.6042267050912584,High,Medium
307,0.351921274601687,Medium,Low
308,0.5122925246474479,Medium,Medium
309,0.5042090916379378,Medium,Medium
310,0.4649337910740559,Medium,Low
311,0.43200962695547535,Medium,Medium
312,0.4974840230153506,Medium,Medium
313,0.4373234846839018,Medium,Low
314,0.37437456457027046,Medium,Low
315,0.36156052782558806,Medium,Low
316,0.45635459068294887,Medium,Low
317,0.45248012116622494,Medium,Low
318,0.46218487394957986,Medium,Low
319,0.365334111467756,Medium,Low
320,0.33140543666859457,Medium,Low
321,0.3143369979807045,Medium,Low
322,0.4323557237464522,Medium,Low
323,0.5114068441064639,Medium,Medium
324,0.3806294557468266,Medium,Low
325,0.3564036222509702,Medium,Low
326,0.4626325316783036,Medium,Low
327,0.650965774313792,High,Medium
328,0.30638852672750977,Medium,Low
329,0.3706422018348624,Medium,Low
330,0.41623200500730234,Medium,Medium
331,0.3638914873713751,Medium,Low
332,0.47674858223062383,Medium,Low
333,0.32778306374881067,Medium,Low
334,0.4737999376012123,Medium,Medium
335,0.5992767967081781,Medium,Medium
336,0.5426322693484915,Medium,Medium
337,0.4322844907838391,Medium,Medium
338,0.417094407846886,Medium,Low
339,0.46834264432029793,Medium,Medium
340,0.4733994589720469,Medium,Low
341,0.42355057423550574,Medium,Low
342,0.4431764146457442,Medium,Low
343,0.5368291890721426,Medium,Medium
344,0.47544253303415607,Medium,Medium
345,0.37690939379394073,Medium,Medium
346,0.46349967313140117,Medium,Low
347,0.4369807737953952,Medium,Low
348,0.52981220657277,Medium,Medium
349,0.34671470235031737,Medium,Low
350,0.4151970389723492,Medium,Medium
351,0.5536349771225216,Medium,Medium
352,0.6594626865671642,High,High
353,0.2612137203166227,Low,Low
354,0.32983468905799,Medium,Low
355,0.3860607384749836,Medium,Low
356,0.5745126115210927,Medium,Medium
357,0.35288073974551487,Medium,Low
358,0.41866576248198695,Medium,Low
359,0.4302678120262759,Medium,Low
360,0.513722957701001,Medium,Medium
361,0.3169573988370713,Medium,Low
362,0.4668183541903678,Medium,Low
363,0.5205880028451751,Medium,Low
364,0.43522960932145305,Medium,Low
365,0.4049266052028634,Medium,Medium
366,0.42409699419045216,Medium,Low
367,0.40597897184941134,Medium,Low
368,0.2517725924970994,Low,Low
369,0.4221248630887185,Medium,Low
370,-0.33748443337484435,Low,Low
371,0.3688978359335682,Medium,Low
372,0.39858823529411763,Medium,Low
373,0.4370189743198964,Medium,Low
374,0.4416407367871175,Medium,Medium
375,0.43097758051667234,Medium,Medium
376,0.45277296360485264,Medium,Low
377,0.39915325994919565,Medium,Low
378,0.44413750767341925,Medium,Low
379,0.3950285522337924,Medium,Low
380,0.5056713268266948,Medium,Medium
381,0.4563855421686747,Medium,Low
382,0.4620706396407331,Medium,Low
383,0.47559007024126354,Medium,Low
384,0.420208009788696,Medium,Low
385,0.42575520380356,Medium,Low
386,0.4728901461574729,Medium,Medium
387,0.5079069767441861,Medium,Medium
388,0.2977478276290122,Low,Low
389,0.3725396636049147,Medium,Low
390,0.3595744680851064,Medium,Low
391,0.4582030719043088,Medium,Medium
392,0.39524550099977784,Medium,Low
393,0.3696612665684831,Medium,Low
394,0.3551901543427822,Medium,Low
395,0.44836025452765543,Medium,Medium
396,0.4236658932714617,Medium,Low
397,0.35265901981230446,Medium,Low
398,0.4431045411505083,Medium,Low
399,0.4900692840646651,Medium,Low
400,0.4151260504201681,Medium,Low
401,0.4664307045680788,Medium,Low
402,0.4943531520764864,Medium,Medium
403,0.39207874384813685,Medium,Low
404,0.40506422018348626,Medium,Low
405,0.3027574141058529,Medium,Low
406,0.30046852719494804,Medium,Low
407,0.6388083922568679,High,Medium
408,0.19618882633174534,Low,Low
409,0.2802373345504336,Low,Low
410,0.5420935412026726,Medium,Low
411,0.3623745462310485,Medium,Low
412,0.35408073990751154,Medium,Low
413,0.3435177539223782,Medium,Low
414,0.3270968764864436,Medium,Low
415,0.4753337202553685,Medium,Medium
416,0.4694192025102133,Medium,Medium
417,0.543527064105762,Medium,Medium
418,0.42464501884350375,Medium,Low
419,0.26818607555416796,Low,Low
420,0.5111162308489805,Medium,Low
421,0.4499514091350826,Medium,Medium
422,0.42861657081463683,Medium,Low
423,0.491119314620046,Medium,Low
424,0.45768244346001397,Medium,Low
425,0.4334646343551978,Medium,Low
426,0.4156359393232205,Medium,Low
427,0.39807604214383874,Medium,Low
428,0.28279819044466514,Low,Low
429,0.5359225437341841,Medium,Medium
430,0.38217915386433465,Medium,Low
431,0.44304038004750596,Medium,Low
432,0.43894065718489456,Medium,Low
433,0.5159663865546219,Medium,Medium
434,0.590440251572327,Medium,High
435,0.4871239991343865,Medium,Low
436,0.3601187876670451,Medium,Low
437,0.37547741340708546,Medium,Low
438,0.44009645949797216,Medium,Low
439,0.4210263078923677,Medium,Low
440,0.4279105628373169,Medium,Medium
441,0.3478454020435362,Medium,Low
442,0.42683996491507853,Medium,Medium
443,0.49547218628719275,Medium,Medium
444,0.284640171858217,Low,Low
445,0.35555555555555557,Medium,Low
446,0.2816753926701571,Low,Low
447,0.45769897860859515,Medium,Medium
448,0.3428007889546351,Medium,Medium
449,0.4383478436930553,Medium,Low
450,0.42932312843817266,Medium,Medium
451,0.3983931947069943,Medium,Low
452,0.490787269681742,Medium,Medium
453,0.4330455654059077,Medium,Low
454,0.29870718983896577,Low,Low
455,0.32180652854374714,Medium,Low
456,0.44482225656877905,Medium,Low
457,0.3963563333811505,Medium,Low
458,0.46637441466573676,Medium,Low
459,0.5733901850036879,Medium,Low
460,0.420235878336437,Medium,Medium
461,0.42982626106051797,Medium,Low
462,0.31423969396486634,Medium,Low
463,0.40154956561554866,Medium,Low
464,0.32679738562091504,Medium,Low
465,0.38826660751913056,Medium,Low
466,0.40161921222596203,Medium,Low
467,0.3038929574362645,Medium,Low
468,0.5503955090584333,Medium,Medium
469,0.3233644859813084,Medium,Low
470,0.420036210018105,Medium,Low
471,0.4582657335883963,Medium,Low
472,0.28766437069505324,Low,Low
473,0.4656252017300368,Medium,Low
474,0.4490137077900368,Medium,Low
475,0.5239024390243903,Medium,Low
476,0.4532627865961199,Medium,Medium
477,0.43286180631120785,Medium,Low
478,0.30414962794127504,Medium,Low
479,0.45680688139044223,Medium,Medium
480,0.4492379646802678,Medium,Low
481,0.45701357466063347,Medium,Low
482,0.42282485875706216,Medium,Low
483,0.4548704200178731,Medium,Low
484,0.3612448225680063,Medium,Low
485,0.31762351932340754,Medium,Low
486,0.4019755037534572,Medium,Low
487,0.431453272951832,Medium,Low
488,0.3080892506722872,Medium,Low
489,0.45234969808348646,Medium,Medium
490,0.36545792200175936,Medium,Low
491,0.4338740318573725,Medium,Low
492,0.5165300185136207,Medium,Medium
493,0.41560975609756096,Medium,Low
494,0.5493161774104214,Medium,High
495,0.47621863647883755,Medium,Medium
496,0.46048472075869334,Medium,Low
497,0.3758563666430428,Medium,Low
498,0.4625228519195612,Medium,Low
499,0.2598046434005792,Low,Low
500,0.5117188852345508,Medium,Medium
501,0.45245683739668446,Medium,Medium
502,0.3955144179423283,Medium,Low
503,0.40968383816051296,Medium,Medium
504,0.35710646968925114,Medium,Medium
505,0.41100917431192663,Medium,Medium
506,0.369885742297975,Medium,Medium
507,0.4306412664341293,Medium,Low
508,0.5253569670113245,Medium,Medium
509,0.6062484502851475,High,Low
510,0.43791854210121856,Medium,Low
511,0.5743615423134703,Medium,Low
512,0.34258582907231555,Medium,Medium
513,0.42340696270677675,Medium,Low
514,0.4714138993495378,Medium,Low
515,0.5079785428125212,Medium,Low
516,0.6013798390187811,High,Medium
517,0.5413478153542335,Medium,Medium
518,0.3290218270008084,Medium,Low
519,0.5467059980334317,Medium,Low
520,0.2625794634198901,Low,Low
521,0.43161870903232974,Medium,Medium
522,0.4021978021978022,Medium,Medium
523,0.4685185185185185,Medium,Low
524,0.3796347438752784,Medium,Medium
525,0.5283307810107197,Medium,Medium
526,0.5040155755658311,Medium,Medium
527,0.45930576945859497,Medium,Low
528,0.39555555555555555,Medium,Medium
529,0.4898152714031027,Medium,Low
530,0.5081429112485797,Medium,Low
531,0.467695274831244,Medium,Low
532,0.37412338652302063,Medium,Low
533,0.46519641626464503,Medium,Low
534,0.6062966829973495,High,Medium
535,0.3600062241067435,Medium,Low
536,0.3725707380928405,Medium,Low
537,0.35653050932929903,Medium,Medium
538,0.37175621570856604,Medium,Low
539,0.4522386401510944,Medium,Medium
540,0.3496235961989387,Medium,Low
541,0.5859413810233483,Medium,High
542,0.4882887495200307,Medium,Medium
543,0.4720210664911126,Medium,Medium
544,0.430068520757759,Medium,Low
545,0.42638054070644804,Medium,Medium
546,0.3898376554923044,Medium,Low
547,0.23970694458776184,Low,Low
548,0.37812089356110384,Medium,Low
549,0.47232472324723246,Medium,Low
550,0.43838889520992147,Medium,Low
551,0.5033394049787493,Medium,Medium
552,0.5022851509991935,Medium,Medium
553,0.5445723313021891,Medium,Medium
554,0.4720965309200603,Medium,Low
555,0.36403145119555724,Medium,Low
556,0.44084893009153986,Medium,Medium
557,0.43789403827010287,Medium,Medium
558,0.41746641074856045,Medium,Low
559,0.49516488966030253,Medium,Medium
560,0.46488602348606956,Medium,Medium
561,0.4506458688764319,Medium,Low
562,0.4266777133388567,Medium,Low
563,0.44204343971631205,Medium,Medium
564,0.4262988661364021,Medium,Low
565,0.37071751777634127,Medium,Medium
566,0.5638571095026851,Medium,Medium
567,0.5160349854227405,Medium,Medium
568,0.4832618025751073,Medium,Low
569,0.3892464189329458,Medium,Low
570,0.39671478347436534,Medium,Low
571,0.422205718529521,Medium,Low
572,0.6418055724540699,High,Medium
573,0.3286331589720264,Medium,Low
574,0.5171455050973123,Medium,Low
575,0.475854729280298,Medium,Low
576,0.36065880591428046,Medium,Low
577,0.2752091589608102,Low,Low
578,0.5879930034418552,Medium,Medium
579,0.3761126060856965,Medium,Low
580,0.46997618152187537,Medium,Low
581,0.33640552995391704,Medium,Low
582,0.4744904582630144,Medium,Medium
583,0.49604916593503073,Medium,Medium
584,0.40868366643694004,Medium,Low
585,0.3912714620679222,Medium,Low
586,0.3465916700147314,Medium,Low
587,0.5933209647495362,Medium,Medium
588,0.36810592976396084,Medium,Low
589,0.48223951285520966,Medium,Low
590,0.5061946902654867,Medium,Medium
591,0.4300179390073749,Medium,Low
592,0.472,Medium,Low
593,0.5473411670981877,Medium,Medium
594,0.44604141291108407,Medium,Low
595,0.3008344312692139,Medium,Low
596,0.5106842737094838,Medium,Low
597,0.5650180659699289,Medium,Low
598,0.5346408262736452,Medium,Low
599,-0.23576722914366813,Low,Medium
600,0.5095986038394416,Medium,Medium
601,0.4711811837684156,Medium,Low
602,0.41981017279143346,Medium,Low
603,0.3315517143344516,Medium,Low
604,0.4565977742448331,Medium,Low
605,0.425035030359645,Medium,Low
606,0.3904678618277219,Medium,Medium
607,0.29880843263061413,Low,Low
608,0.41368078175895767,Medium,Medium
609,0.45591049609892537,Medium,Low
610,0.5008958280010238,Medium,Low
611,0.48074534161490684,Medium,Medium
612,0.4446064139941691,Medium,Medium
613,0.6844675655589766,High,Medium
614,0.4602409638554216,Medium,Low
615,0.3663916447249854,Medium,Low
616,0.5473196558570483,Medium,Low
617,0.592744086786413,Medium,High
618,0.4249751573368666,Medium,Low
619,0.4487747957992999,Medium,Low
620,0.46561108362196935,Medium,Low
621,0.4946427728567159,Medium,Low
622,0.5675426463808206,Medium,Medium
623,0.25033229951262737,Low,Medium
624,0.46911260912808045,Medium,Medium
625,0.3039404794709286,Medium,Low
626,0.46771749014852976,Medium,Medium
627,0.5418886198547216,Medium,Medium
628,0.41543026706231456,Medium,Low
629,0.37765162832387206,Medium,Low
630,0.36847767616998384,Medium,Medium
631,0.5339888841385207,Medium,Low
632,0.526137645731478,Medium,Low
633,0.3388447048974466,Medium,Low
634,0.4670714619336759,Medium,Low
635,0.6805740100983259,High,Medium
636,0.38508229251780085,Medium,Low
637,0.3955179858661413,Medium,Low
638,0.4716106604866744,Medium,Medium
639,0.5239599789362822,Medium,High
640,0.4616840113528855,Medium,Low
641,0.6242227629088943,High,Medium
642,0.6505690098077092,High,Medium
643,0.4080234833659491,Medium,Low
644,0.3474698795180723,Medium,Medium
645,0.4542064786762992,Medium,Low
646,0.6610644257703081,High,Medium
647,0.3245571409639087,Medium,Low
648,0.5062543653565306,Medium,Low
649,0.27549824150058616,Low,Low
650,0.3192023507260434,Medium,Low
651,0.4720975722011276,Medium,Low
652,0.4141749723145072,Medium,Medium
653,0.4488713831237691,Medium,Low
654,0.4637832810138356,Medium,Low
655,0.46156941649899397,Medium,Medium
656,0.49685850716260366,Medium,Medium
657,0.45075921908893707,Medium,Low
658,0.3476983349657199,Medium,Low
659,0.5350125944584383,Medium,Medium
660,0.41464742717124964,Medium,Medium
661,0.44535579694081134,Medium,Low
662,0.5365784409602826,Medium,Medium
663,0.36489659874251956,Medium,Medium
664,0.3844137690022716,Medium,Medium
665,0.5011977641735427,Medium,Medium
666,0.27263818710764043,Low,Low
667,0.48498951567534393,Medium,Low
668,0.4780327868852459,Medium,Low
669,0.5127725856697819,Medium,Medium
670,0.4057446604117967,Medium,Low
671,0.5052344105598543,Medium,Medium
672,0.3917228103946102,Medium,Medium
673,0.39476730724704795,Medium,Low
674,0.41362763915547024,Medium,Low
675,0.44242944521944416,Medium,Low
676,0.22391968572675688,Low,Low
677,0.48770088553624147,Medium,Medium
678,0.218612818261633,Low,Low
679,0.42725418920117025,Medium,Medium
680,0.602158273381295,High,Medium
681,0.3822992700729927,Medium,Low
682,0.451356436244462,Medium,Low
683,0.48905227437989823,Medium,Medium
684,0.5584667637069384,Medium,High
685,0.46057257659467604,Medium,Low
686,0.37991013190317435,Medium,Low
687,0.2545531554426091,Low,Low
688,0.4054054054054054,Medium,Low
689,0.4015922158337019,Medium,Low
690,0.40478448730108546,Medium,Low
691,0.6969959874200196,High,High
692,0.5316216043736305,Medium,High
693,0.5717810677433827,Medium,Medium
694,0.46228597871355853,Medium,Medium
695,0.4126778783958603,Medium,Low
696,0.4429561200923788,Medium,Low
697,0.4094488188976378,Medium,Low
698,0.5376591230551626,Medium,Medium
699,0.39797021588253767,Medium,Medium
700,0.48722316865417375,Medium,Medium
701,0.5660490137477585,Medium,Medium
702,0.3649890508899662,Medium,Low
703,0.4839797639123103,Medium,Low
704,0.3795093795093795,Medium,Low
705,0.3508123441932433,Medium,Medium
706,0.2934893762072492,Low,Low
707,0.4882556796303427,Medium,Low
708,0.2874436268692143,Low,Low
709,0.40212834569493716,Medium,Low
710,0.3389085892020768,Medium,Low
711,0.2796934865900383,Low,Low
712,0.6540457004084336,High,Medium
713,0.5195822454308094,Medium,Low
714,0.516874833909115,Medium,Medium
715,0.5376070354084702,Medium,Medium
716,0.3820065944418276,Medium,Low
717,0.6236598000240935,High,High
718,0.36038100372916393,Medium,Low
719,0.46444644464446444,Medium,Low
720,0.5005371851498149,Medium,Medium
721,0.2687969243045229,Low,Low
722,0.3375065704592154,Medium,Low
723,0.3837559088955737,Medium,Medium
724,0.39761167624944715,Medium,Low
725,0.4387432901799811,Medium,Low
726,0.760992961477333,High,High
727,0.5935921133703019,Medium,Low
728,0.4024672613399126,Medium,Low
729,0.543302275851535,Medium,Medium
730,0.43515909207357684,Medium,Low
731,0.06853905131993815,Low,Low
732,0.5060707960058526,Medium,Low
733,0.46698450536352804,Medium,Low
734,0.7151724961203295,High,Medium
735,0.49739406299569455,Medium,Low
736,0.4021041827046446,Medium,Low
737,0.3732142857142857,Medium,Low
738,0.46430116832540025,Medium,Medium
739,0.4604183214191157,Medium,Medium
740,0.42892321468547123,Medium,Low
741,0.42853754003083855,Medium,Low
742,0.5304921540656206,Medium,Medium
743,0.4283913538404152,Medium,Medium
744,0.3433794844335653,Medium,Low
745,0.3695336787564767,Medium,Low
746,0.3544723142451491,Medium,Medium
747,0.23407611910865708,Low,Low
748,0.35446939674152356,Medium,Low
749,0.34492642843493215,Medium,Low
750,0.4431457485342992,Medium,Medium
751,0.3034323939028402,Medium,Low
752,0.32870048644892286,Medium,Low
753,0.32811276429130776,Medium,Medium
754,0.4479013177282869,Medium,Low
755,0.5307131089668157,Medium,Medium
756,0.3736406177911549,Medium,Medium
757,0.3272830402722632,Medium,Low
758,0.054353419092755664,Low,Low
759,0.40613496932515336,Medium,Medium
760,0.576122277048983,Medium,High
761,0.5787574117040475,Medium,Medium
762,0.3256812739918665,Medium,Low
763,0.4812532100667694,Medium,Medium
764,0.045904900425604335,Low,Low
765,0.34250465962545484,Medium,Low
766,0.538830297219559,Medium,Medium
767,0.7616469120399252,High,High
768,0.4220552369652626,Medium,Medium
769,0.4499572284003422,Medium,Low
770,0.42549974802620527,Medium,Medium
771,0.49263205622307865,Medium,Low
772,0.5020408163265306,Medium,Low
773,0.33206831119544594,Medium,Low
774,0.5555743100683602,Medium,High
775,0.43456543456543456,Medium,Low
776,0.362116991643454,Medium,Low
777,0.4495129713569293,Medium,Low
778,0.33866623132805485,Medium,Low
779,0.5192505426710842,Medium,Low
780,0.4241189163270199,Medium,Medium
781,0.3976318622174381,Medium,Low
782,0.3967723118802256,Medium,Low
783,0.42158476369621445,Medium,Low
784,0.3431348118614503,Medium,Low
785,0.056424778761061944,Low,Low
786,0.36828246558946737,Medium,Low
787,0.42131061005957315,Medium,Low
788,0.45058967059780397,Medium,Low
789,0.4814001372683596,Medium,Low
790,0.481441506266115,Medium,Medium
791,0.4055038012635186,Medium,Low
792,0.5091726400194387,Medium,Low
793,0.5967501692620176,Medium,High
794,0.44202180376610506,Medium,Low
795,0.4885946366974519,Medium,Medium
796,0.4409484724122207,Medium,Low
797,0.5162485445114852,Medium,Low
798,0.42385216367593015,Medium,Medium
799,0.42836732043122483,Medium,Low
800,0.27949709864603484,Low,Low
801,0.39635395329782874,Medium,Low
802,0.4513556618819777,Medium,Medium
803,0.4584546750108433,Medium,Medium
804,0.4196559989907061,Medium,Medium
805,0.579504132231405,Medium,Medium
806,0.38614794373022815,Medium,Low
807,0.41536539662710803,Medium,Medium
808,0.3909476465271501,Medium,Medium
809,0.3253594297450767,Medium,Low
810,0.31921373200442965,Medium,Low
811,0.5867804771284745,Medium,Medium
812,0.39555555555555555,Medium,Low
813,0.35541052292321323,Medium,Medium
814,0.4212060076216095,Medium,Low
815,0.5356347438752784,Medium,Low
816,0.4680664916885389,Medium,Low
817,0.3139399581103095,Medium,Low
818,0.2649298597194389,Low,Low
819,0.4117921230482405,Medium,Low
820,0.26478485820944403,Low,Low
821,0.339752794436467,Medium,Medium
822,0.46149732620320855,Medium,Medium
823,0.5486170866625691,Medium,High
824,0.36207655081390233,Medium,Low
825,0.5065373260227752,Medium,Medium
826,0.44930929524701474,Medium,Low
827,0.3150384193194292,Medium,Low
828,0.48635346756152126,Medium,Low
829,0.5640454705261925,Medium,High
830,0.4934163275077807,Medium,Low
831,0.4159334126040428,Medium,Medium
832,0.4425970434267277,Medium,Medium
833,0.41250562303193883,Medium,Medium
834,0.49310964649490713,Medium,Medium
835,0.49078947368421055,Medium,Low
836,0.3364950838635049,Medium,Low
837,0.43189284811726053,Medium,Low
838,0.35697228453578406,Medium,Medium
839,0.455207132892582,Medium,Low
840,0.4092526690391459,Medium,Low
841,0.44155181214905564,Medium,Medium
842,0.6691046927553254,High,High
843,0.31242037911514264,Medium,Low
844,0.4208611991082952,Medium,Medium
845,0.5079006772009029,Medium,Medium
846,0.5286624203821656,Medium,Medium
847,0.4613583138173302,Medium,Medium
848,0.4262150220913107,Medium,Low
849,0.37531690497921105,Medium,Low
850,0.36357630477868313,Medium,Low
851,0.43802765006488,Medium,Low
852,0.3752544673150871,Medium,Medium
853,0.40367705835331735,Medium,Medium
854,0.4591549295774648,Medium,Low
855,0.3022849785033063,Medium,Medium
856,0.4385650224215247,Medium,Medium
857,0.4039266173157386,Medium,Low
858,0.4467120181405896,Medium,Low
859,0.46274558700415025,Medium,Medium
860,0.5767822232012556,Medium,Medium
861,0.38629142078983203,Medium,Low
862,0.40592389585748917,Medium,Low
863,0.39833822091886606,Medium,Low
864,0.30792917628945343,Medium,Low
865,0.477112676056338,Medium,Low
866,0.4607379375591296,Medium,Medium
867,0.5200921423086767,Medium,Low
868,0.3970254600453743,Medium,Low
869,0.34813524887534464,Medium,Low
870,0.29602157788267025,Low,Low
871,0.3354683746997598,Medium,Low
872,-0.14803625377643503,Low,Low
873,0.3755566551212271,Medium,Low
874,0.4119853240929474,Medium,Low
875,0.39454767394547674,Medium,Low
876,0.40373431282522193,Medium,Low
877,0.4248421052631579,Medium,Medium
878,0.45875251509054327,Medium,Medium
879,0.3693555793662941,Medium,Low
880,0.21436158912258338,Low,Low
881,0.49309141660851363,Medium,Low
882,0.4818802268576372,Medium,Medium
883,0.4377537212449256,Medium,Low
884,0.23686899652564888,Low,Low
885,0.479200183865778,Medium,Medium
886,0.45452372415441616,Medium,Medium
887,0.40046773971660476,Medium,Low
888,0.2558947629684785,Low,Low
889,0.36935603256846783,Medium,Low
890,0.45809015273811005,Medium,Medium
891,0.5679410409949333,Medium,Medium
892,0.601733164831197,High,Medium
893,0.5839087374335038,Medium,Medium
894,0.24888982871643053,Low,Low
895,0.4096313912009512,Medium,Low
896,0.40546071770102543,Medium,Medium
897,0.4261028495472293,Medium,Low
898,0.427760028399006,Medium,Low
899,0.5137591517293613,Medium,Low
900,0.41920152091254753,Medium,Medium
901,0.39054412700700125,Medium,Medium
902,0.4261749434163227,Medium,Low
903,0.35978358881875566,Medium,Low
904,0.1948784722222222,Low,Low
905,0.4818632542279879,Medium,Low
906,0.5191284519888523,Medium,Low
907,0.3375883291543196,Medium,Low
908,0.39995480736639927,Medium,Low
909,0.43624793777987275,Medium,Low
910,0.3660520472067667,Medium,Medium
911,0.4609375,Medium,Low
912,0.4311111111111111,Medium,Low
913,0.38467502261274067,Medium,Low
914,0.4144884241971621,Medium,Low
915,0.35244457941087154,Medium,Medium
916,0.4592608280054261,Medium,Medium
917,0.49542584718464117,Medium,Low
918,0.6452179828788479,High,Medium
919,0.2773984492535586,Low,Low
920,0.37094715343375034,Medium,Low
921,0.3352179034157833,Medium,Low
922,0.45049332559489264,Medium,Low
923,0.3377517868745939,Medium,Low
924,0.45008801683053545,Medium,Low
925,0.44145785876993165,Medium,Low
926,0.5130282461134223,Medium,Low
927,0.4075867191153412,Medium,Low
928,0.4150255288110868,Medium,Low
929,0.37964270145534973,Medium,Low
930,0.65963893447797,High,High
931,0.4178307313064914,Medium,Low
932,0.3631291619173316,Medium,Medium
933,0.28077007862443976,Low,Low
934,0.4092384519350811,Medium,Low
935,0.3413897280966767,Medium,Low
936,0.4413691040090946,Medium,Medium
937,0.3402922755741127,Medium,Low
938,0.5755584756898817,Medium,High
939,0.3294543857723131,Medium,Low
940,0.47313361864003806,Medium,Low
941,0.635626453971419,High,Medium
942,0.3758474089394462,Medium,Medium
943,0.39953719008264466,Medium,Medium
944,0.621971330711658,High,Medium
945,0.6434643995749203,High,Medium
946,0.3935890698896479,Medium,Low
947,0.555581048525869,Medium,Medium
948,0.40047442887049994,Medium,Medium
949,0.3820375335120643,Medium,Medium
950,0.34527687296416937,Medium,Low
951,0.32473937650306306,Medium,Medium
952,0.42093373493975905,Medium,Medium
953,0.5043904664157829,Medium,Medium
954,0.4315937940761636,Medium,Low
955,0.4933696021761306,Medium,Medium
956,0.4568210262828536,Medium,Medium
957,0.5021622996692954,Medium,Medium
958,0.41804362194315925,Medium,Low
959,0.43847241867043846,Medium,Low
960,0.5306688585225522,Medium,Low
961,0.3313253012048193,Medium,Low
962,0.4540130440569679,Medium,Low
963,0.5963213939980639,Medium,High
964,0.4515625,Medium,Low
965,0.38634146341463416,Medium,Low
966,0.3544365172819838,Medium,Low
967,0.43251139418020335,Medium,Low
968,0.3773051250141419,Medium,Low
969,0.3770742915496553,Medium,Low
970,0.5945132151221144,Medium,High
971,0.5405675613320003,Medium,High
972,0.4771415889924545,Medium,Low
973,0.4645847476804707,Medium,Low
974,0.47387887193712436,Medium,Medium
975,0.30352045670789723,Medium,Low
976,0.504110774556469,Medium,High
977,0.22497687326549495,Low,Low
978,0.374361730717549,Medium,Low
979,0.33752515986533904,Medium,Low
980,0.36274049741905207,Medium,Medium
981,0.4839907192575406,Medium,Low
982,0.4337680164722032,Medium,Medium
983,0.4607948442534909,Medium,Low
984,0.2581353563585546,Low,Low
985,0.44652189060504005,Medium,Medium
986,0.33271375464684017,Medium,Low
987,0.4364213853206702,Medium,Low
988,0.5903271692745377,Medium,Medium
989,0.3569709610139579,Medium,Medium
990,0.5221730890713835,Medium,Low
991,0.6191826128041578,High,Medium
992,0.4042625169147497,Medium,Low
993,0.2143120116721437,Low,Low
994,0.40201117318435753,Medium,Low
995,0.42450740352104466,Medium,Low
996,0.6832941176470588,High,Medium
997,0.3998162414304898,Medium,Medium
998,0.4449065359191,Medium,Low
999,0.35788958744768357,Medium,Low
1000,0.433564326604399,Medium,Low
1001,0.4691802342187946,Medium,Medium
1002,0.4430379746835443,Medium,Medium
1003,0.39176605129880737,Medium,Medium
1004,0.36492890995260663,Medium,Medium
1005,0.3513393188395043,Medium,Low
1006,0.5166278330862105,Medium,Medium
1007,0.47258485639686676,Medium,Low
1008,0.5051749630359783,Medium,Medium
1009,0.4592437773133194,Medium,Low
1010,0.3519887812340643,Medium,Low
1011,0.42196531791907516,Medium,Low
1012,0.5585009140767825,Medium,Low
1013,0.45351418002466093,Medium,Low
1014,0.36006683375104426,Medium,Medium
1015,0.3806390977443609,Medium,Low
1016,0.4067656765676568,Medium,Low
1017,0.3907452061086233,Medium,Low
1018,0.49112709832134294,Medium,Low
1019,0.38946175637393765,Medium,Low
1020,0.40355076800319173,Medium,Medium
1021,0.4645088928056402,Medium,Medium
1022,0.35851419031719534,Medium,Low
1023,0.4160618122219621,Medium,Low
1024,0.4541871921182266,Medium,Low
1025,0.3343821856468595,Medium,Low
1026,0.25378387891587467,Low,Low
1027,0.46668228129757583,Medium,Low
1028,0.23968621254021108,Low,Low
1029,0.33840490797546013,Medium,Medium
1030,0.43137092086689366,Medium,Low
1031,0.38795566221003314,Medium,Low
1032,0.5370950805693938,Medium,Low
1033,0.46213446638340416,Medium,Low
1034,0.43204419889502765,Medium,Low
1035,0.27800987466767946,Low,Low
1036,0.3072779821334735,Medium,Medium
1037,0.29997098926602844,Low,Medium
1038,0.44464240264698396,Medium,Low
1039,0.5299374441465594,Medium,Medium
1040,0.31197490758373475,Medium,Low
1041,0.45661123003457926,Medium,Low
1042,0.5806597379123362,Medium,Medium
1043,0.38122605363984674,Medium,Low
1044,0.37826494437879465,Medium,Low
1045,0.4816049224458403,Medium,Low
1046,0.329794933655006,Medium,Low
1047,0.5086031452358927,Medium,Medium
1048,0.4291799787007455,Medium,Medium
1049,0.36370177975452134,Medium,Low
1050,0.33007053404347203,Medium,Low
1051,0.5813422490418332,Medium,Medium
1052,0.37150947374762777,Medium,Medium
1053,0.28476611883691527,Low,Low
1054,0.5055217489294569,Medium,Medium
1055,0.419063465652484,Medium,Low
1056,0.6912036610678587,High,Medium
1057,0.35850039052330124,Medium,Medium
1058,0.5448107448107448,Medium,Medium
1059,0.3903345724907063,Medium,Low
1060,0.5036330608537694,Medium,Medium
1061,0.40889591329871305,Medium,Low
1062,0.4998935943817834,Medium,Low
1063,0.4369000018426048,Medium,Low
1064,0.44879693130303383,Medium,Low
1065,0.4619015509103169,Medium,Low
1066,0.4945652173913043,Medium,Medium
1067,0.6820809248554913,High,High
1068,0.4021257750221435,Medium,Low
1069,0.44894651539708263,Medium,Medium
1070,0.3700736685318627,Medium,Low
1071,0.3470276049024475,Medium,Low
1072,0.5489040773037945,Medium,Medium
1073,0.47889432192395964,Medium,Low
1074,0.41618363088337584,Medium,Medium
1075,0.4803266518188567,Medium,Low
1076,0.44766182981611347,Medium,Medium
1077,0.3885180240320427,Medium,Medium
1078,0.565518093120909,Medium,Medium
1079,0.54987651669709,Medium,Medium
1080,0.5006593406593407,Medium,Low
1081,0.3651670473256493,Medium,Low
1082,0.3987452948557089,Medium,Medium
1083,0.6699109678654626,High,High
1084,0.4143147437344773,Medium,Low
1085,0.37817565932736513,Medium,Low
1086,0.4253079507278835,Medium,Low
1087,0.29913135968799853,Low,Low
1088,0.36401247533575204,Medium,Low
1089,0.46044538706256627,Medium,Medium
1090,0.5181390864167772,Medium,Medium
1091,0.49846040152728166,Medium,High
1092,0.48054745344402056,Medium,Low
1093,0.5474599410792556,Medium,Medium
1094,0.4467671366067088,Medium,Low
1095,0.420816509645581,Medium,Low
1096,0.4307771487390633,Medium,Low
1097,0.4577882202167992,Medium,Medium
1098,0.4447212438793919,Medium,Medium
1099,0.3837739288969918,Medium,Low
1100,0.36089177891314445,Medium,Low
1101,0.6421938838677727,High,Medium
1102,0.4439461883408072,Medium,Medium
1103,0.4334096109839817,Medium,Medium
1104,0.5210685761498209,Medium,Medium
1105,0.4213324284583192,Medium,Low
1106,0.46595932802829354,Medium,Medium
1107,0.5487666892962209,Medium,Low
1108,0.48982921788317196,Medium,Low
1109,0.3552492046659597,Medium,Low
1110,0.46461242176215695,Medium,Low
1111,0.3699204021784667,Medium,Low
1112,0.49722577891591974,Medium,Low
1113,0.34832535885167465,Medium,Low
1114,0.4667584663711863,Medium,Medium
1115,0.4451189499589828,Medium,Low
1116,0.474671669793621,Medium,Low
1117,0.3962603683396598,Medium,Medium
1118,0.3689727463312369,Medium,Low
1119,0.5693633833168719,Medium,Medium
1120,0.22486368593238823,Low,Low
1121,0.40507166482910695,Medium,Medium
1122,0.4507078507078507,Medium,Low
1123,0.4741397361624904,Medium,Low
1124,0.2471020314472627,Low,Medium
1125,0.35801787882132213,Medium,Medium
1126,0.4411187146682535,Medium,Low
1127,0.5060765417809425,Medium,Low
1128,0.44738476829419804,Medium,Low
1129,-0.1412989588497769,Low,Low
1130,0.32422041862451945,Medium,Low
1131,0.577965348733896,Medium,Medium
1132,0.5181730729014178,Medium,Low
1133,0.6118143459915611,High,High
1134,0.5253752680486061,Medium,Low
1135,0.560077519379845,Medium,Medium
1136,0.28943937418513693,Low,Low
1137,0.35346938775510206,Medium,Low
1138,0.6339075474036435,High,High
1139,0.3292380081035159,Medium,Low
1140,0.7026990990304577,High,Medium
1141,0.6518875095008867,High,Medium
1142,0.39078313844944484,Medium,Low
1143,0.5023762072665952,Medium,Medium
1144,0.3518993839835729,Medium,Low
1145,0.4663891269744092,Medium,Medium
1146,0.4055778532468869,Medium,Low
1147,0.40540540540540543,Medium,Low
1148,0.4769824053988913,Medium,Low
1149,0.3414324569356301,Medium,Low
1150,0.41306347746090155,Medium,Low
1151,0.41891618983507234,Medium,Low
1152,0.31641896396219754,Medium,Low
1153,0.5103915992124262,Medium,Medium
1154,0.4785161462503336,Medium,Medium
1155,0.42232630757220924,Medium,Medium
1156,0.32587859424920124,Medium,Low
1157,0.4378896882494005,Medium,Low
1158,0.4657302010171954,Medium,Medium
1159,0.6128324650397587,High,Medium
1160,0.49332437652195826,Medium,Low
1161,0.4529053912313824,Medium,Low
1162,0.48751553496780026,Medium,Medium
1163,0.44737721349816234,Medium,Medium
1164,0.32456552372005637,Medium,Low
1165,0.3625683377922531,Medium,Low
1166,0.5530398322851153,Medium,Medium
1167,0.47233009708737866,Medium,Medium
1168,0.30891168242973227,Medium,Low
1169,0.4328471781864299,Medium,Low
1170,0.6576971214017522,High,High
1171,0.4283611383709519,Medium,Medium
1172,0.5568798834591445,Medium,Medium
1173,0.38236597252990695,Medium,Low
1174,0.3623424156161041,Medium,Medium
1175,0.4351016018130834,Medium,Low
1176,0.3997395833333333,Medium,Low
1177,0.28074041427941826,Low,Low
1178,0.3892889288928893,Medium,Low
1179,0.5520189398921478,Medium,Low
1180,0.4559789750328515,Medium,Low
1181,0.4729484132531805,Medium,Low
1182,0.5871162556618018,Medium,Medium
1183,0.40996152471458913,Medium,Low
1184,0.607793681821048,High,Medium
1185,0.4529004393476804,Medium,Low
1186,0.4117355781133944,Medium,Medium
1187,0.33473095737246683,Medium,Low
1188,0.48212083847102344,Medium,Medium
1189,0.37389620578563443,Medium,Low
1190,0.2187604690117253,Low,Low
1191,0.4072002796225096,Medium,Medium
1192,0.4831789371038518,Medium,Medium
1193,0.22741194486983154,Low,Low
1194,0.32471664346788626,Medium,Low
1195,0.42235754675946063,Medium,Medium
1196,0.4727470141150923,Medium,Low
1197,0.4415807560137457,Medium,Medium
1198,0.5680890538033395,Medium,Low
1199,0.4523089080907966,Medium,Low
1200,0.1387955260285979,Low,Low
1201,0.3987583572110793,Medium,Low
1202,0.3635371179039301,Medium,Low
1203,0.5464895023704325,Medium,Medium
1204,0.49436795994993743,Medium,Medium
1205,0.38384845463609174,Medium,Low
1206,0.40271701588763525,Medium,Low
1207,0.4715226497608538,Medium,Low
1208,0.3851394507132212,Medium,Low
1209,0.46656887911013323,Medium,Low
1210,0.345679012345679,Medium,Low
1211,0.39672733049725517,Medium,Low
1212,0.3685035929451975,Medium,Low
1213,0.46493363339916416,Medium,Medium
1214,0.3831560056403025,Medium,Low
1215,0.7143639600164317,High,High
1216,0.3772770853307766,Medium,Low
1217,0.4590984974958264,Medium,Low
1218,0.4193004635482512,Medium,Medium
1219,0.45820506748756806,Medium,Low
1220,0.35109752102216885,Medium,Medium
1221,0.45561083471531233,Medium,Low
1222,0.453416149068323,Medium,Low
1223,0.3567605306027461,Medium,Low
1224,0.5044160942100098,Medium,Low
1225,0.5668202764976958,Medium,Low
1226,0.4350282485875706,Medium,Low
1227,0.3424277456647399,Medium,Medium
1228,0.3911730466161762,Medium,Low
1229,0.5535494460402134,Medium,Medium
1230,0.39729855612482534,Medium,Low
1231,0.5334073685366657,Medium,High
1232,0.3384813384813385,Medium,Medium
1233,0.425911559348332,Medium,Low
1234,0.2808253648716658,Low,Low
1235,0.572063407839756,Medium,Low
1236,0.28574481726864714,Low,Low
1237,0.34423480083857444,Medium,Low
1238,0.510873617497204,Medium,Medium
1239,0.5896391552067364,Medium,High
1240,0.48163082437275984,Medium,Low
1241,0.5070254822576804,Medium,Medium
1242,0.36654653381386476,Medium,Medium
1243,0.5328793492434748,Medium,Low
1244,0.36648071792384185,Medium,Low
1245,0.42898701298701297,Medium,Low
1246,0.23802675104271537,Low,Low
1247,0.37958550371273414,Medium,Low
1248,0.40873516788689723,Medium,Low
1249,0.4692965154503616,Medium,Low
1250,0.45962732919254656,Medium,Medium
1251,0.3999543691535478,Medium,Low
1252,0.4795763993948563,Medium,Medium
1253,0.36728942699091954,Medium,Low
1254,0.5665116279069767,Medium,Medium
1255,0.3777560019598236,Medium,Low
1256,0.47339449541284406,Medium,Medium
1257,0.17739331026528257,Low,Low
1258,0.40867279894875164,Medium,Low
1259,0.269661329176704,Low,Low
1260,0.3781844611341993,Medium,Low
1261,0.49424055719260646,Medium,Low
1262,0.41906936911218956,Medium,Low
1263,0.4836824159766196,Medium,Low
1264,0.45105475231097414,Medium,Low
1265,0.4477302747922997,Medium,Low
1266,0.4437174226461129,Medium,Medium
1267,0.5231652839821315,Medium,Low
1268,0.43730352776807546,Medium,Medium
1269,0.41211437941990364,Medium,Low
1270,0.2507598784194529,Low,Low
1271,0.5793950850661626,Medium,Low
1272,0.45792450652199007,Medium,Medium
1273,0.34562458249833,Medium,Low
1274,0.5180571735818621,Medium,Medium
1275,0.4660063963685134,Medium,Low
1276,0.36703692584809366,Medium,Low
1277,0.434686913151465,Medium,Low
1278,0.515146457481432,Medium,Medium
1279,0.3434354606791284,Medium,Low
1280,0.4668501376032024,Medium,Medium
1281,0.40531829170024175,Medium,Low
1282,0.4090359459162361,Medium,Medium
1283,0.3911569865968264,Medium,Low
1284,0.4519296643069194,Medium,Low
1285,0.43523619739772595,Medium,Low
1286,0.4257588187038556,Medium,Low
1287,0.5070615034168565,Medium,Low
1288,0.2854068015497202,Low,Low
1289,0.5348713161754901,Medium,Medium
1290,0.41912512716174977,Medium,Low
1291,0.4052182172575171,Medium,Medium
1292,0.4295140210633168,Medium,Low
1293,0.3735168485999051,Medium,Medium
1294,0.5126003877042371,Medium,Low
1295,0.40172579098753597,Medium,Low
1296,0.5116215477167076,Medium,Low
1297,0.5073779795686719,Medium,Medium
1298,0.38121440293464615,Medium,Low
1299,0.2527427458217984,Low,Low
1300,0.3955994611585092,Medium,Low
1301,0.6107011070110702,High,High
1302,0.45728155339805826,Medium,Medium
1303,0.48237476808905383,Medium,Low
1304,0.5959697732997481,Medium,Medium
1305,0.4553692795650204,Medium,Low
1306,0.4425416505230531,Medium,Low
1307,0.3593087195600943,Medium,Low
1308,0.40276862228081745,Medium,Low
1309,0.28528485542513604,Low,Medium
1310,0.3101324299353249,Medium,Low
1311,0.40362355309511827,Medium,Medium
1312,0.3186787351592806,Medium,Low
1313,0.36724327614053975,Medium,Low
1314,0.3098871930988719,Medium,Low
1315,0.33701512163050623,Medium,Low
1316,0.4475400718005764,Medium,Medium
1317,0.4365803687837586,Medium,Low
1318,0.3685330307435907,Medium,Low
1319,0.4488771466314399,Medium,Medium
1320,0.3367265786543661,Medium,Low
1321,0.4972663699936427,Medium,Low
1322,0.45632424877707894,Medium,Low
1323,0.4717741935483871,Medium,Medium
1324,0.37634694692031395,Medium,Low
1325,0.38949454905847375,Medium,Low
1326,0.4947904607548044,Medium,Low
1327,0.3858512568022804,Medium,Low
1328,0.5785698273929614,Medium,High
1329,0.37684103605891317,Medium,Low
1330,0.3613885545108501,Medium,Low
1331,0.2250249641818261,Low,Low
1332,0.6024664490388103,High,Medium
1333,0.43291839557399725,Medium,Medium
1334,0.5417640002525412,Medium,Medium
1335,0.2983408748114631,Low,Medium
1336,0.3774889960176064,Medium,Low
1337,0.6089801154586273,High,High
1338,0.44577226606538894,Medium,Low
1339,-0.1882770870337478,Low,Low
1340,0.38368505491793164,Medium,Medium
1341,0.4505213875292615,Medium,Low
1342,0.4092526690391459,Medium,Low
1343,0.4112778065183652,Medium,Medium
1344,0.37397519445028377,Medium,Low
1345,0.4693495554515676,Medium,Medium
1346,0.4648457258472433,Medium,Low
1347,0.41529059176117994,Medium,Low
1348,0.3198589894242068,Medium,Low
1349,0.4249375280322931,Medium,Low
1350,0.372580527353736,Medium,Low
1351,0.37798231803318394,Medium,Low
1352,0.5402298850574713,Medium,Medium
1353,0.39502487562189054,Medium,Low
1354,0.5316986405793419,Medium,Medium
1355,0.32339089481946626,Medium,Low
1356,0.5160158989946224,Medium,Low
1357,0.3928400954653938,Medium,Low
1358,0.5127250155183116,Medium,Low
1359,0.46528852388714803,Medium,Medium
1360,0.48701973001038423,Medium,Medium
1361,0.45734411687972865,Medium,Medium
1362,0.3376736111111111,Medium,Low
1363,0.38017406070897897,Medium,Low
1364,0.5353535353535354,Medium,Low
1365,0.4619435136428913,Medium,Medium
1366,0.38186517337928066,Medium,Low
1367,0.3843971631205674,Medium,Medium
1368,0.46615430091634646,Medium,Low
1369,0.43031970401290204,Medium,Medium
1370,0.505791194156342,Medium,Medium
1371,0.23695551793135294,Low,Low
1372,0.41939085664661,Medium,Medium
1373,0.3626073380171741,Medium,Low
1374,0.23178807947019867,Low,Medium
1375,0.3419023136246787,Medium,Low
1376,0.6453670416328424,High,Medium
1377,0.5021677380774405,Medium,Medium
1378,0.4478203434610304,Medium,Low
1379,0.6087755570870664,High,Medium
1380,0.5261992619926199,Medium,Low
1381,-0.20078640473034365,Low,Low
1382,0.5837338262476895,Medium,Medium
1383,0.3611966053044193,Medium,Low
1384,0.3492105967353492,Medium,Low
1385,0.4583762050242984,Medium,Low
1386,0.2819964349376114,Low,Low
1387,0.4440669106116048,Medium,Medium
1388,0.4056315729955897,Medium,Low
1389,0.43095362167795725,Medium,Low
1390,0.2643727753208931,Low,Low
1391,0.43464009440146845,Medium,Low
1392,0.4243455110190801,Medium,Medium
1393,0.4261987677471203,Medium,Medium
1394,0.49325184619302265,Medium,Medium
1395,0.37945970591587824,Medium,Low
1396,0.34350355526826115,Medium,Low
1397,0.44059770598758285,Medium,Medium
1398,0.43219264892268694,Medium,Low
1399,0.4185003204443495,Medium,Low
1400,0.4006924771797293,Medium,Low
1401,0.3414287967197603,Medium,Low
1402,0.45809675221439927,Medium,Medium
1403,0.543744217127583,Medium,Medium
1404,0.5804743265024177,Medium,Medium
1405,0.3791540785498489,Medium,Low
1406,0.4844356495928153,Medium,Medium
1407,0.638004965019183,High,Medium
1408,0.35157691999037005,Medium,Low
1409,0.1423348132671716,Low,Low
1410,0.4899713467048711,Medium,Medium
1411,0.3092257765414928,Medium,Low
1412,0.3719676549865229,Medium,Medium
1413,0.3880179171332587,Medium,Low
1414,0.3059006211180124,Medium,Low
1415,0.44942263279445727,Medium,Low
1416,0.40603076923076925,Medium,Medium
1417,0.51139491357481,Medium,Low
1418,0.47638718320866363,Medium,Low
1419,0.4219915443577493,Medium,Low
1420,0.4474671669793621,Medium,Low
1421,0.4346750618394423,Medium,Low
1422,0.5341314849821466,Medium,Low
1423,0.34014417761266635,Medium,Medium
1424,0.5318732411599169,Medium,Medium
1425,0.4784791065378341,Medium,Low
1426,0.38073584125671767,Medium,Low
1427,0.45211873678068704,Medium,Medium
1428,0.4084859515413491,Medium,Medium
1429,0.3309734513274336,Medium,Low
1430,0.38481165648291143,Medium,Medium
1431,0.4337688109806516,Medium,Low
1432,0.36341378104232247,Medium,Low
1433,0.48342059336823734,Medium,Medium
1434,0.46258823529411763,Medium,Low
1435,0.3578959301666478,Medium,Low
1436,0.43366241271370093,Medium,Medium
1437,0.4135831381733021,Medium,Medium
1438,0.4236299229006043,Medium,Low
1439,0.7453717754172989,High,High
1440,0.3873581847649919,Medium,Medium
1441,0.4010872134247223,Medium,Low
1442,0.22931143398610235,Low,Low
1443,0.46180836707152495,Medium,Medium
1444,0.4233172647741474,Medium,Medium
1445,0.30235353029544315,Medium,Low
1446,0.533285951196399,Medium,Medium
1447,0.4825748257482575,Medium,Medium
1448,0.463217387308735,Medium,Low
1449,0.5251427018211471,Medium,Medium
1450,0.05193434702099281,Low,Low
1451,0.5039465146649365,Medium,Low
1452,0.5478564307078764,Medium,Medium
1453,0.4189828162841656,Medium,Low
1454,0.47703842549203374,Medium,Low
1455,0.3078275747350412,Medium,Low
1456,0.3797457698459466,Medium,Medium
1457,0.3318797489263297,Medium,Low
1458,0.4526358723360865,Medium,Low
1459,0.4205012088882067,Medium,Low
1460,0.399947271289217,Medium,Low
1461,0.4780662488809311,Medium,Low
1462,0.42452907789750766,Medium,Low
1463,0.3704249168166694,Medium,Low
1464,0.393436796588082,Medium,Low
1465,0.41384341060139407,Medium,Low
1466,0.4755013962934755,Medium,Low
1467,0.4185509921550531,Medium,Medium
1468,0.3424782807498857,Medium,Medium
1469,0.4744232698094283,Medium,Low
1470,0.4627164734506941,Medium,Medium
1471,0.44174340788194244,Medium,Low
1472,0.37534498620055196,Medium,Low
1473,0.4021134593993326,Medium,Low
1474,0.5170838662525123,Medium,Medium
1475,0.5639237563923757,Medium,Medium
1476,0.5427127211457456,Medium,Medium
1477,0.2804363486672841,Low,Low
1478,0.4718989025606917,Medium,Low
1479,0.4106142406030355,Medium,Medium
1480,0.18784794019405124,Low,Low
1481,0.3306122448979592,Medium,Low
1482,0.4273781902552204,Medium,Low
1483,0.25852163921869015,Low,Low
1484,0.4886672710788758,Medium,Low
1485,0.3912954218846233,Medium,Low
1486,0.6836266258607497,High,Medium
1487,0.4744617982271001,Medium,Medium
1488,0.4209513335166346,Medium,Low
1489,0.3277980737296579,Medium,Low
1490,0.4524666525513445,Medium,Low
1491,0.3730032661657356,Medium,Low
1492,0.4930802688809806,Medium,Low
1493,0.49534726904922455,Medium,Low
1494,0.40586949734623784,Medium,Low
1495,0.3213736545361353,Medium,Low
1496,0.46619067618647625,Medium,Low
1497,0.40235910878112713,Medium,Medium
1498,0.4035561005518087,Medium,Low
1499,0.5226680562793121,Medium,Medium
1500,0.334043913877638,Medium,Low
1501,0.3697935530604853,Medium,Low
1502,0.27781352660277037,Low,Low
1503,0.4239955434858297,Medium,Low
1504,0.27012668573763793,Low,Low
1505,0.5778846153846153,Medium,Low
1506,0.4361571096209115,Medium,Low
1507,0.36355140186915885,Medium,Low
1508,0.33442088091353994,Medium,Low
1509,0.39301494601759707,Medium,Low
1510,0.4895857175555047,Medium,Low
1511,0.4828256107138428,Medium,Low
1512,0.2841414851253221,Low,Low
1513,0.43543406153494224,Medium,Low
1514,0.44310281741675817,Medium,Medium
1515,0.5668925391137759,Medium,Medium
1516,0.6703386372909017,High,Medium
1517,0.42127403846153844,Medium,Medium
1518,0.3708851115256286,Medium,Low
1519,0.42371079213184476,Medium,Low
1520,0.5199670646356526,Medium,Medium
1521,0.49343458313557975,Medium,Medium
1522,0.3347921225382932,Medium,Low
1523,0.5151158687213269,Medium,Medium
1524,0.385489891429979,Medium,Low
1525,0.6580167886848863,High,Medium
1526,0.3525077252198716,Medium,Low
1527,0.4166666666666667,Medium,Low
1528,0.3820891751926235,Medium,Medium
1529,0.5012615643397813,Medium,Medium
1530,0.47992700729927007,Medium,High
1531,0.5127272727272727,Medium,Low
1532,0.4175580221997982,Medium,Low
1533,0.3624666743943433,Medium,Low
1534,0.4024187811240218,Medium,Low
1535,0.4126971546326385,Medium,Low
1536,0.45186662235515673,Medium,Low
1537,0.547422450345905,Medium,Medium
1538,0.39990444338270426,Medium,Medium
1539,0.6459747817652765,High,Medium
1540,0.3961218836565097,Medium,Low
1541,0.2864708714492056,Low,Low
1542,0.34801307414415966,Medium,Low
1543,0.43694552145626603,Medium,Medium
1544,0.4242692648361382,Medium,Low
1545,0.4974166275246595,Medium,Low
1546,0.4244538487933204,Medium,Low
1547,0.40958486435775154,Medium,Low
1548,0.35125448028673834,Medium,Low
1549,0.5517728387720211,Medium,Medium
1550,0.47605770396411684,Medium,Low
1551,0.3664171518343961,Medium,Low
1552,0.5518869735478173,Medium,Low
1553,0.47591151525749753,Medium,Medium
1554,0.4342569808494704,Medium,Low
1555,0.5904319238181612,Medium,Low
1556,0.6159858799798286,High,Medium
1557,0.47598584428715873,Medium,Low
1558,0.43125225550342833,Medium,Low
1559,0.4090394316894883,Medium,Low
1560,0.3056805741393991,Medium,Low
1561,0.5148221343873518,Medium,Low
1562,0.36528410986322696,Medium,Low
1563,0.4628394860953,Medium,Low
1564,0.3737596471885336,Medium,Low
1565,0.5126323046352245,Medium,Medium
1566,0.4455822814955942,Medium,Low
1567,0.524888558692422,Medium,Medium
1568,0.3779646228285872,Medium,Low
1569,0.46729466045080986,Medium,Medium
1570,0.44031482291211194,Medium,Medium
1571,0.5159413544333256,Medium,Medium
1572,0.46729191090269634,Medium,Low
1573,0.441429661109295,Medium,Low
1574,0.38036293714697755,Medium,Low
1575,0.4281298299845441,Medium,Low
1576,0.3973418881759853,Medium,Medium
1577,0.22672246301001342,Low,Low
1578,0.42524714210162323,Medium,Low
1579,0.41888005413635593,Medium,Low
1580,0.5021834061135371,Medium,High
1581,0.5154639175257731,Medium,Medium
1582,0.42560226735947093,Medium,Low
1583,0.5043295108822841,Medium,Medium
1584,0.27073509015256586,Low,Low
1585,0.32995696126513857,Medium,Low
1586,0.4365024288688411,Medium,Low
1587,0.28810182623132263,Low,Low
1588,0.3937984496124031,Medium,Medium
1589,0.4280326499824897,Medium,Low
1590,0.54425658876181,Medium,Medium
1591,0.29067579127459364,Low,Low
1592,0.4693554764729142,Medium,Medium
1593,0.3512241054613936,Medium,Low
1594,0.40339314048578057,Medium,Low
1595,0.3684746193969722,Medium,Low
1596,0.4964302712993812,Medium,Medium
1597,0.5203358921073837,Medium,Low
1598,0.4125523012552301,Medium,Low
1599,0.5746586075665995,Medium,Medium
1600,0.37135384090521406,Medium,Low
1601,0.40821917808219177,Medium,Low
1602,0.4770159143347335,Medium,Medium
1603,0.41290645322661335,Medium,Medium
1604,0.47178952207507474,Medium,Medium
1605,0.36878730036001645,Medium,Medium
1606,0.45585039013025197,Medium,Medium
1607,0.5768882448831734,Medium,Low
1608,0.5644140723867376,Medium,High
1609,0.5706033376123235,Medium,Medium
1610,0.6311886586695747,High,Medium
1611,0.47782336850332163,Medium,Medium
1612,0.6271906532129581,High,High
1613,0.41683592868426994,Medium,Medium
1614,0.5006792452830188,Medium,Low
1615,0.5711349623201645,Medium,Medium
1616,0.5418904093769848,Medium,Low
1617,0.6321353065539113,High,High
1618,0.3064848290696077,Medium,Low
1619,0.4718939175554916,Medium,Medium
1620,0.4574718336015847,Medium,Low
1621,0.23477297895902546,Low,Low
1622,0.4234979323765507,Medium,Low
1623,0.40063947291929075,Medium,Low
1624,0.32545963716059906,Medium,Low
1625,0.6084472049689441,High,High
1626,0.44854482264611467,Medium,Low
1627,0.45147150907952416,Medium,Medium
1628,0.40559062218214603,Medium,Medium
1629,0.5279960707269156,Medium,Medium
1630,0.2742969906265417,Low,Low
1631,0.38775026655609524,Medium,Low
1632,0.4561558901682905,Medium,Medium
1633,0.4042941982640475,Medium,Low
1634,0.43383742911153117,Medium,Low
1635,0.44279958350310106,Medium,Medium
1636,0.3930084745762712,Medium,Low
1637,0.5267906873120196,Medium,High
1638,0.5435827888053261,Medium,Medium
1639,0.34493609915869244,Medium,Medium
1640,0.44240236297998026,Medium,Low
1641,0.429225836005497,Medium,Low
1642,0.26689728579031397,Low,Medium
1643,0.4941427050053248,Medium,Medium
1644,0.20795228628230616,Low,Low
1645,0.5452636779053971,Medium,High
1646,0.4257471264367816,Medium,Low
1647,0.33745273448307667,Medium,Low
1648,0.394392523364486,Medium,Low
1649,0.3858556904196712,Medium,Low
1650,0.45654692931633833,Medium,Low
1651,0.38009565019357777,Medium,Medium
1652,0.2701746628344019,Low,Low
1653,0.2759501165673685,Low,Low
1654,0.3270980467010244,Medium,Low
1655,0.3387580299785867,Medium,Low
1656,0.44794073129929096,Medium,Low
1657,0.44146948941469494,Medium,Low
1658,0.5223790928206669,Medium,Low
1659,0.38935864250790914,Medium,Low
